1;HAM;Lewis Hamilton;1/7/1985;British
2;HEI;Nick Heidfeld;5/10/1977;German
3;ROS;Nico Rosberg;6/27/1985;German
4;ALO;Fernando Alonso;7/29/1981;Spanish
5;KOV;Heikki Kovalainen;10/19/1981;Finnish
6;NAK;Kazuki Nakajima;1/11/1985;Japanese
7;BOU;Sébastien Bourdais;2/28/1979;French
8;RAI;Kimi Räikkönen;10/17/1979;Finnish
9;KUB;Robert Kubica;12/7/1984;Polish
10;GLO;Timo Glock;3/18/1982;German
11;SAT;Takuma Sato;1/28/1977;Japanese
12;PIQ;Nelson Piquet Jr.;7/25/1985;Brazilian
13;MAS;Felipe Massa;4/25/1981;Brazilian
14;COU;David Coulthard;3/27/1971;British
15;TRU;Jarno Trulli;7/13/1974;Italian
16;SUT;Adrian Sutil;1/11/1983;German
17;WEB;Mark Webber;8/27/1976;Australian
18;BUT;Jenson Button;1/19/1980;British
19;DAV;Anthony Davidson;4/18/1979;British
20;VET;Sebastian Vettel;7/3/1987;German
21;FIS;Giancarlo Fisichella;1/14/1973;Italian
22;BAR;Rubens Barrichello;5/23/1972;Brazilian
23;SCH;Ralf Schumacher;6/30/1975;German
24;LIU;Vitantonio Liuzzi;8/6/1980;Italian
25;WUR;Alexander Wurz;2/15/1974;Austrian
26;SPE;Scott Speed;1/24/1983;American
27;ALB;Christijan Albers;4/16/1979;Dutch
28;WIN;Markus Winkelhock;6/13/1980;German
29;YAM;Sakon Yamamoto;7/9/1982;Japanese
30;MSC;Michael Schumacher;1/3/1969;German
31;MON;Juan Pablo Montoya;9/20/1975;Colombian
32;KLI;Christian Klien;2/7/1983;Austrian
33;TMO;Tiago Monteiro;7/24/1976;Portuguese
34;IDE;Yuji Ide;1/21/1975;Japanese
35;VIL;Jacques Villeneuve;4/9/1971;Canadian
36;FMO;Franck Montagny;1/5/1978;French
37;DLR;Pedro de la Rosa;2/24/1971;Spanish
38;DOO;Robert Doornbos;9/23/1981;Dutch
39;KAR;Narain Karthikeyan;1/14/1977;Indian
40;FRI;Patrick Friesacher;9/26/1980;Austrian
41;ZON;Ricardo Zonta;3/23/1976;Brazilian
42;PIZ;Antônio Pizzonia;9/11/1980;Brazilian
43;\N;Cristiano da Matta;9/19/1973;Brazilian
44;\N;Olivier Panis;9/2/1966;French
45;\N;Giorgio Pantano;2/4/1979;Italian
46;\N;Gianmaria Bruni;5/30/1981;Italian
47;\N;Zsolt Baumgartner;1/1/1981;Hungarian
48;\N;Marc Gené;3/29/1974;Spanish
49;\N;Heinz-Harald Frentzen;5/18/1967;German
50;\N;Jos Verstappen;3/4/1972;Dutch
51;\N;Justin Wilson;7/31/1978;British
52;\N;Ralph Firman;5/20/1975;Irish
53;\N;Nicolas Kiesa;3/3/1978;Danish
54;\N;Luciano Burti;3/5/1975;Brazilian
55;\N;Jean Alesi;6/11/1964;French
56;\N;Eddie Irvine;11/10/1965;British
57;\N;Mika Häkkinen;9/28/1968;Finnish
58;\N;Tarso Marques;1/19/1976;Brazilian
59;\N;Enrique Bernoldi;10/19/1978;Brazilian
60;\N;Gastón Mazzacane;5/8/1975;Argentine
61;\N;Tomáš Enge;9/11/1976;Czech
62;\N;Alex Yoong;7/20/1976;Malaysian
63;\N;Mika Salo;11/30/1966;Finnish
64;\N;Pedro Diniz;5/22/1970;Brazilian
65;\N;Johnny Herbert;6/25/1964;British
66;\N;Allan McNish;12/29/1969;British
67;BUE;Sébastien Buemi;10/31/1988;Swiss
68;\N;Toranosuke Takagi;2/12/1974;Japanese
69;BAD;Luca Badoer;1/25/1971;Italian
70;\N;Alessandro Zanardi;10/23/1966;Italian
71;\N;Damon Hill;9/17/1960;British
72;\N;Stéphane Sarrazin;11/2/1975;French
73;\N;Ricardo Rosset;7/27/1968;Brazilian
74;\N;Esteban Tuero;4/22/1978;Argentine
75;\N;Shinji Nakano;4/1/1971;Japanese
76;MAG;Jan Magnussen;7/4/1973;Danish
77;\N;Gerhard Berger;8/27/1959;Austrian
78;\N;Nicola Larini;3/19/1964;Italian
79;\N;Ukyo Katayama;5/29/1963;Japanese
80;\N;Vincenzo Sospiri;10/7/1966;Italian
81;\N;Gianni Morbidelli;1/13/1968;Italian
82;\N;Norberto Fontana;1/20/1975;Argentine
83;\N;Pedro Lamy;3/20/1972;Portuguese
84;\N;Martin Brundle;6/1/1959;British
85;\N;Andrea Montermini;5/30/1964;Italian
86;\N;Giovanni Lavaggi;2/18/1958;Italian
87;\N;Mark Blundell;4/8/1966;British
88;\N;Aguri Suzuki;9/8/1960;Japanese
89;\N;Taki Inoue;9/5/1963;Japanese
90;\N;Roberto Moreno;2/11/1959;Brazilian
91;\N;Karl Wendlinger;12/20/1968;Austrian
92;\N;Bertrand Gachot;12/23/1962;Belgian
93;\N;Domenico Schiattarella;11/17/1967;Italian
94;\N;Pierluigi Martini;4/23/1961;Italian
95;\N;Nigel Mansell;8/8/1953;British
96;\N;Jean-Christophe Boullion;12/27/1969;French
97;\N;Massimiliano Papis;10/3/1969;Italian
98;\N;Jean-Denis Délétraz;10/1/1963;Swiss
99;\N;Gabriele Tarquini;3/2/1962;Italian
100;\N;Érik Comas;9/28/1963;French
101;\N;David Brabham;9/5/1965;Australian
102;\N;Ayrton Senna;3/21/1960;Brazilian
103;\N;Éric Bernard;8/24/1964;French
104;\N;Christian Fittipaldi;1/18/1971;Brazilian
105;\N;Michele Alboreto;12/23/1956;Italian
106;\N;Olivier Beretta;11/23/1969;Monegasque
107;\N;Roland Ratzenberger;7/4/1960;Austrian
108;\N;Paul Belmondo;4/23/1963;French
109;\N;Jyrki Järvilehto;1/31/1966;Finnish
110;\N;Andrea de Cesaris;5/31/1959;Italian
111;\N;Jean-Marc Gounon;1/1/1963;French
112;\N;Philippe Alliot;7/27/1954;French
113;\N;Philippe Adams;11/19/1969;Belgian
114;\N;Yannick Dalmas;7/28/1961;French
115;\N;Hideki Noda;3/7/1969;Japanese
116;\N;Franck Lagorce;9/1/1968;French
117;\N;Alain Prost;2/24/1955;French
118;\N;Derek Warwick;8/27/1954;British
119;\N;Riccardo Patrese;4/17/1954;Italian
120;\N;Fabrizio Barbazza;4/2/1963;Italian
121;\N;Michael Andretti;10/5/1962;American
122;\N;Ivan Capelli;5/24/1963;Italian
123;\N;Thierry Boutsen;7/13/1957;Belgian
124;\N;Marco Apicella;10/7/1965;Italian
125;\N;Emanuele Naspetti;2/24/1968;Italian
126;\N;Toshio Suzuki;3/10/1955;Japanese
127;\N;Maurício Gugelmin;4/20/1963;Brazilian
128;\N;Eric van de Poele;9/30/1961;Belgian
129;\N;Olivier Grouillard;9/2/1958;French
130;\N;Andrea Chiesa;5/6/1964;Swiss
131;\N;Stefano Modena;5/12/1963;Italian
132;\N;Giovanna Amati;7/20/1959;Italian
133;\N;Alex Caffi;3/18/1964;Italian
134;\N;Enrico Bertaggia;9/19/1964;Italian
135;\N;Perry McCarthy;3/3/1961;British
136;\N;Jan Lammers;6/2/1956;Dutch
137;\N;Nelson Piquet;8/17/1952;Brazilian
138;\N;Satoru Nakajima;2/23/1953;Japanese
139;\N;Emanuele Pirro;1/12/1962;Italian
140;\N;Stefan Johansson;9/8/1956;Swedish
141;\N;Julian Bailey;10/9/1961;British
142;\N;Pedro Chaves;2/27/1965;Portuguese
143;\N;Michael Bartels;3/8/1968;German
144;\N;Naoki Hattori;6/13/1966;Japanese
145;\N;Alessandro Nannini;7/7/1959;Italian
146;\N;Bernd Schneider;7/20/1964;German
147;\N;Paolo Barilla;4/20/1961;Italian
148;\N;Gregor Foitek;3/27/1965;Swiss
149;\N;Claudio Langes;7/20/1960;Italian
150;\N;Gary Brabham;3/29/1961;Australian
151;\N;Martin Donnelly;3/26/1964;British
152;\N;Bruno Giacomelli;9/10/1952;Italian
153;ALG;Jaime Alguersuari;3/23/1990;Spanish
154;GRO;Romain Grosjean;4/17/1986;French
155;KOB;Kamui Kobayashi;9/13/1986;Japanese
156;\N;Jonathan Palmer;11/7/1956;British
157;\N;Christian Danner;4/4/1958;German
158;\N;Eddie Cheever;1/10/1958;American
159;\N;Luis Pérez-Sala;5/15/1959;Spanish
160;\N;Piercarlo Ghinzani;1/16/1952;Italian
161;\N;Volker Weidler;3/18/1962;German
162;\N;Pierre-Henri Raphanel;5/27/1961;French
163;\N;René Arnoux;7/4/1948;French
164;\N;Joachim Winkelhock;10/24/1960;German
165;\N;Oscar Larrauri;8/19/1954;Argentine
166;\N;Philippe Streiff;6/26/1955;French
167;\N;Adrián Campos;6/17/1960;Spanish
168;\N;Jean-Louis Schlesser;9/12/1948;French
169;\N;Pascal Fabre;1/9/1960;French
170;\N;Teo Fabi;3/9/1955;Italian
171;\N;Franco Forini;9/22/1958;Swiss
172;\N;Jacques Laffite;11/21/1943;French
173;\N;Elio de Angelis;3/26/1958;Italian
174;\N;Johnny Dumfries;4/26/1958;British
175;\N;Patrick Tambay;6/25/1949;French
176;\N;Marc Surer;9/18/1951;Swiss
177;\N;Keke Rosberg;12/6/1948;Finnish
178;\N;Alan Jones;11/2/1946;Australian
179;\N;Huub Rothengatter;10/8/1954;Dutch
180;\N;Allen Berg;8/1/1961;Canadian
181;\N;Manfred Winkelhock;10/6/1951;German
182;\N;Niki Lauda;2/22/1949;Austrian
183;\N;François Hesnault;12/30/1956;French
184;\N;Mauro Baldi;1/31/1954;Italian
185;\N;Stefan Bellof;11/20/1957;German
186;\N;Kenny Acheson;11/27/1957;British
187;\N;John Watson;5/4/1946;British
188;\N;Johnny Cecotto;1/25/1956;Venezuelan
189;\N;Jo Gartner;1/24/1954;Austrian
190;\N;Corrado Fabi;4/12/1961;Italian
191;\N;Mike Thackwell;3/30/1961;New Zealander
192;\N;Chico Serra;2/3/1957;Brazilian
193;\N;Danny Sullivan;3/9/1950;American
194;\N;Eliseo Salazar;11/14/1954;Chilean
195;\N;Roberto Guerrero;11/16/1958;Colombian
196;\N;Raul Boesel;12/4/1957;Brazilian
197;\N;Jean-Pierre Jarier;7/10/1946;French
198;\N;Jacques Villeneuve Sr.;11/4/1953;Canadian
199;\N;Carlos Reutemann;4/12/1942;Argentine
200;\N;Jochen Mass;9/30/1946;German
201;\N;Slim Borgudd;11/25/1946;Swedish
202;\N;Didier Pironi;3/26/1952;French
203;\N;Gilles Villeneuve;1/18/1950;Canadian
204;\N;Riccardo Paletti;6/15/1958;Italian
205;\N;Brian Henton;9/19/1946;British
206;\N;Derek Daly;3/11/1953;Irish
207;\N;Mario Andretti;2/28/1940;American
208;\N;Emilio de Villota;7/26/1946;Spanish
209;\N;Geoff Lees;5/1/1951;British
210;\N;Tommy Byrne;5/6/1958;Irish
211;\N;Rupert Keegan;2/26/1955;British
212;\N;Hector Rebaque;2/5/1956;Mexican
213;\N;Beppe Gabbiani;1/2/1957;Italian
214;\N;Kevin Cogan;3/31/1956;American
215;\N;Miguel Ángel Guerra;8/31/1953;Argentine
216;\N;Siegfried Stohr;10/10/1952;Italian
217;\N;Ricardo Zunino;4/13/1949;Argentine
218;\N;Ricardo Londoño;8/8/1949;Colombian
219;\N;Jean-Pierre Jabouille;10/1/1942;French
220;\N;Giorgio Francia;11/8/1947;Italian
221;\N;Patrick Depailler;8/9/1944;French
222;\N;Jody Scheckter;1/29/1950;South African
223;\N;Clay Regazzoni;9/5/1939;Swiss
224;\N;Emerson Fittipaldi;12/12/1946;Brazilian
225;\N;Dave Kennedy;1/15/1953;Irish
226;\N;Stephen South;2/19/1952;British
227;\N;Tiff Needell;10/29/1951;British
228;\N;Desiré Wilson;11/26/1953;South African
229;\N;Harald Ertl;8/31/1948;Austrian
230;\N;Vittorio Brambilla;11/11/1937;Italian
231;\N;James Hunt;8/29/1947;British
232;\N;Arturo Merzario;3/11/1943;Italian
233;\N;Hans-Joachim Stuck;1/1/1951;German
234;\N;Gianfranco Brancatelli;1/18/1950;Italian
235;\N;Jacky Ickx;1/1/1945;Belgian
236;\N;Patrick Gaillard;2/12/1952;French
237;\N;Alex Ribeiro;11/7/1948;Brazilian
238;\N;Ronnie Peterson;2/14/1944;Swedish
239;\N;Brett Lunger;11/14/1945;American
240;\N;Danny Ongais;5/21/1942;American
241;\N;Lamberto Leoni;5/24/1953;Italian
242;\N;Divina Galica;8/13/1944;British
243;\N;Rolf Stommelen;7/11/1943;German
244;\N;Alberto Colombo;2/23/1946;Italian
245;\N;Tony Trimmer;1/24/1943;British
246;\N;Hans Binder;6/12/1948;Austrian
247;\N;Michael Bleekemolen;10/2/1949;Dutch
248;\N;Carlo Franchi;1/1/1938;Italian
249;\N;Bobby Rahal;1/10/1953;American
250;\N;Carlos Pace;10/6/1944;Brazilian
251;\N;Ian Scheckter;8/22/1947;South African
252;\N;Tom Pryce;6/11/1949;British
253;\N;Ingo Hoffmann;2/28/1953;Brazilian
254;\N;Renzo Zorzi;12/12/1946;Italian
255;\N;Gunnar Nilsson;11/20/1948;Swedish
256;\N;Larry Perkins;3/18/1950;Australian
257;\N;Boy Lunger;5/3/1949;Dutch
258;\N;Patrick Nève;10/13/1949;Belgian
259;\N;David Purley;1/26/1945;British
260;\N;Conny Andersson;12/28/1939;Swedish
261;\N;Bernard de Dryver;9/19/1952;Belgian
262;\N;Jackie Oliver;8/14/1942;British
263;\N;Mikko Kozarowitzky;5/17/1948;Finnish
264;\N;Andy Sutcliffe;5/9/1947;British
265;\N;Guy Edwards;12/30/1942;British
266;\N;Brian McGuire;12/13/1945;Australian
267;\N;Vern Schuppan;3/19/1943;Australian
268;\N;Hans Heyer;3/16/1943;German
269;\N;Teddy Pilette;7/26/1942;Belgian
270;\N;Ian Ashley;10/26/1947;British
271;\N;Loris Kessel;4/1/1950;Swiss
272;\N;Kunimitsu Takahashi;1/29/1940;Japanese
273;\N;Kazuyoshi Hoshino;7/1/1947;Japanese
274;\N;Noritake Takahara;6/6/1951;Japanese
275;\N;Lella Lombardi;3/26/1941;Italian
276;\N;Bob Evans;6/11/1947;British
277;\N;Michel Leclère;3/18/1946;French
278;\N;Chris Amon;7/20/1943;New Zealander
279;\N;Emilio Zapico;5/27/1944;Spanish
280;\N;Henri Pescarolo;9/25/1942;French
281;\N;Jac Nelleman;4/19/1944;Danish
282;\N;Damien Magee;11/17/1945;British
283;\N;Mike Wilds;1/7/1946;British
284;\N;Alessandro Pesenti-Rossi;8/31/1942;Italian
285;\N;Otto Stuppacher;3/3/1947;Austrian
286;\N;Warwick Brown;12/24/1949;Australian
287;\N;Masahiro Hasemi;11/13/1945;Japanese
288;\N;Mark Donohue;3/18/1937;American
289;\N;Graham Hill;2/15/1929;British
290;\N;Wilson Fittipaldi;12/25/1943;Brazilian
291;\N;Guy Tunmer;12/1/1948;South African
292;\N;Eddie Keizan;9/12/1944;South African
293;\N;Dave Charlton;10/27/1936;South African
294;\N;Tony Brise;3/28/1952;British
295;\N;Roelof Wunderink;12/12/1948;Dutch
296;\N;François Migault;12/4/1944;French
297;\N;Torsten Palm;7/23/1947;Swedish
298;\N;Gijs van Lennep;3/16/1942;Dutch
299;\N;Hiroshi Fushida;3/10/1946;Japanese
300;\N;John Nicholson;10/6/1941;New Zealander
301;\N;Dave Morgan;8/7/1944;British
302;\N;Jim Crawford;2/13/1948;British
303;\N;Jo Vonlanthen;5/31/1942;Swiss
304;\N;Denny Hulme;6/18/1936;New Zealander
305;\N;Mike Hailwood;4/2/1940;British
306;\N;Jean-Pierre Beltoise;4/26/1937;French
307;\N;Howden Ganley;12/24/1941;New Zealander
308;\N;Richard Robarts;9/22/1944;British
309;\N;Peter Revson;2/27/1939;American
310;\N;Paddy Driver;5/13/1934;South African
311;\N;Tom Belsø;8/27/1942;Danish
312;\N;Brian Redman;3/9/1937;British
313;\N;Rikky von Opel;10/14/1947;Liechtensteiner
314;\N;Tim Schenken;9/26/1943;Australian
315;\N;Gérard Larrousse;5/23/1940;French
316;\N;Leo Kinnunen;8/5/1943;Finnish
317;\N;Reine Wisell;9/30/1941;Swedish
318;\N;Bertil Roos;10/12/1943;Swedish
319;\N;José Dolhem;4/26/1944;French
320;\N;Peter Gethin;2/21/1940;British
321;\N;Derek Bell;10/31/1941;British
322;\N;David Hobbs;6/9/1939;British
323;\N;Dieter Quester;5/30/1939;Austrian
324;\N;Helmuth Koinigg;11/3/1948;Austrian
325;\N;Carlo Facetti;6/26/1935;Italian
326;\N;Eppie Wietzes;5/28/1938;Canadian
327;\N;François Cevert;2/25/1944;French
328;\N;Jackie Stewart;6/11/1939;British
329;\N;Mike Beuttler;4/13/1940;British
330;\N;Nanni Galli;10/2/1940;Italian
331;\N;Luiz Bueno;1/16/1937;Brazilian
332;\N;George Follmer;1/27/1934;American
333;\N;Andrea de Adamich;10/3/1941;Italian
334;\N;Jackie Pretorius;11/22/1934;South African
335;\N;Roger Williamson;2/2/1948;British
336;\N;Graham McRae;3/5/1940;New Zealander
337;\N;Helmut Marko;4/27/1943;Austrian
338;\N;David Walker;6/10/1941;Australian
339;\N;Alex Soler-Roig;10/29/1932;Spanish
340;\N;John Love;12/7/1924;Rhodesian
341;\N;John Surtees;2/11/1934;British
342;\N;Skip Barber;11/16/1936;American
343;\N;Bill Brack;12/26/1935;Canadian
344;\N;Sam Posey;5/26/1944;American
345;\N;Pedro Rodríguez;1/18/1940;Mexican
346;\N;Jo Siffert;7/7/1936;Swiss
347;\N;Jo Bonnier;1/31/1930;Swedish
348;\N;François Mazet;2/24/1943;French
349;\N;Max Jean;7/27/1943;French
350;\N;Vic Elford;6/10/1935;British
351;\N;Silvio Moser;4/24/1941;Swiss
352;\N;George Eaton;11/12/1945;Canadian
353;\N;Pete Lovely;4/11/1926;American
354;\N;Chris Craft;11/17/1939;British
355;\N;John Cannon;6/21/1933;Canadian
356;\N;Jack Brabham;4/2/1926;Australian
357;\N;John Miles;6/14/1943;British
358;\N;Jochen Rindt;4/18/1942;Austrian
359;\N;Johnny Servoz-Gavin;1/18/1942;French
360;\N;Bruce McLaren;8/30/1937;New Zealander
361;\N;Piers Courage;5/27/1942;British
362;\N;Peter de Klerk;3/16/1935;South African
363;\N;Ignazio Giunti;8/30/1941;Italian
364;\N;Dan Gurney;4/13/1931;American
365;\N;Hubert Hahne;3/28/1935;German
366;\N;Gus Hutchison;4/26/1937;American
367;\N;Peter Westbury;5/26/1938;British
368;\N;Sam Tingle;8/24/1921;Rhodesian
369;\N;Basil van Rooyen;4/19/1939;South African
370;\N;Richard Attwood;4/4/1940;British
371;\N;Al Pease;10/15/1921;Canadian
372;\N;John Cordts;7/23/1935;Canadian
373;\N;Jim Clark;3/4/1936;British
374;\N;Mike Spence;12/30/1936;British
375;\N;Ludovico Scarfiotti;10/18/1933;Italian
376;BIA;Lucien Bianchi;11/10/1934;Belgian
377;\N;Jo Schlesser;5/18/1928;French
378;\N;Robin Widdows;5/27/1942;British
379;\N;Kurt Ahrens;4/19/1940;German
380;\N;Frank Gardner;10/1/1930;Australian
381;\N;Bobby Unser;2/20/1934;American
382;\N;Moisés Solana;12/26/1935;Mexican
383;\N;Bob Anderson;5/19/1931;British
384;\N;Luki Botha;1/16/1930;South African
385;\N;Lorenzo Bandini;12/21/1935;Italian
386;\N;Richie Ginther;8/5/1930;American
387;\N;Mike Parkes;9/24/1931;British
388;\N;Chris Irwin;6/27/1942;British
389;\N;Guy Ligier;7/12/1930;French
390;\N;Alan Rees;1/12/1938;British
391;\N;Brian Hart;9/7/1936;British
392;\N;Mike Fisher;3/13/1943;American
393;\N;Tom Jones;4/26/1943;American
394;\N;Giancarlo Baghetti;12/25/1934;Italian
395;\N;Jonathan Williams;10/26/1942;British
396;\N;Bob Bondurant;4/27/1933;American
397;\N;Peter Arundell;11/8/1933;British
398;\N;Vic Wilson;4/14/1931;British
399;\N;John Taylor;3/23/1933;British
400;\N;Chris Lawrence;7/27/1933;British
401;\N;Trevor Taylor;12/26/1936;British
402;\N;Giacomo Russo;10/23/1937;Italian
403;\N;Phil Hill;4/20/1927;American
404;\N;Innes Ireland;6/12/1930;British
405;\N;Ronnie Bucknum;4/5/1936;American
406;\N;Paul Hawkins;10/12/1937;Australian
407;\N;David Prophet;10/9/1937;British
408;\N;Tony Maggs;2/9/1937;South African
409;\N;Trevor Blokdyk;11/30/1935;South African
410;\N;Neville Lederle;9/25/1938;South African
411;\N;Doug Serrurier;12/9/1920;South African
412;\N;Brausch Niemann;1/7/1939;South African
413;\N;Ernie Pieterse;7/4/1938;South African
414;\N;Clive Puzey;7/11/1941;Rhodesian
415;\N;Ray Reed;4/30/1932;South African
416;\N;David Clapham;5/18/1931;South African
417;\N;Alex Blignaut;11/30/1932;South African
418;\N;Masten Gregory;2/29/1932;American
419;\N;John Rhodes;8/18/1927;British
420;\N;Ian Raby;9/22/1921;British
421;\N;Alan Rollinson;5/15/1943;British
422;\N;Brian Gubby;4/17/1934;British
423;\N;Gerhard Mitter;8/30/1935;German
424;\N;Roberto Bussinello;10/4/1927;Italian
425;\N;Nino Vaccarella;3/4/1933;Italian
426;\N;Giorgio Bassi;1/20/1934;Italian
427;\N;Maurice Trintignant;10/30/1917;French
428;\N;Bernard Collomb;10/7/1930;French
429;\N;André Pilette;10/6/1918;Belgian
430;\N;Carel Godin de Beaufort;4/10/1934;Dutch
431;\N;Edgar Barth;1/26/1917;German
432;\N;Mário de Araújo Cabral;1/15/1934;Portuguese
433;\N;Walt Hansgen;10/28/1919;American
434;\N;Hap Sharp;1/1/1928;American
435;\N;Willy Mairesse;10/1/1928;Belgian
436;\N;John Campbell-Jones;1/21/1930;British
437;\N;Ian Burgess;7/6/1930;British
438;\N;Tony Settember;7/10/1926;American
439;\N;Nasif Estéfano;11/18/1932;Argentine
440;\N;Jim Hall;7/23/1935;American
441;\N;Tim Parnell;6/25/1932;British
442;\N;Kurt Kuhnke;4/30/1910;German
443;\N;Ernesto Brambilla;1/31/1934;Italian
444;\N;Roberto Lippi;10/17/1926;Italian
445;\N;Günther Seiffert;10/18/1937;German
446;\N;Carlo Abate;7/10/1932;Italian
447;\N;Gaetano Starrabba;12/3/1932;Italian
448;\N;Peter Broeker;5/15/1926;Canadian
449;\N;Rodger Ward;1/10/1921;American
450;\N;Ernie de Vos;7/1/1941;Dutch
451;\N;Frank Dochnal;10/8/1920;American
452;\N;Thomas Monarch;9/3/1945;American
842;GAS;Pierre Gasly;2/7/1996;French
453;\N;Jackie Lewis;11/1/1936;British
454;\N;Ricardo Rodríguez;2/14/1942;Mexican
455;\N;Wolfgang Seidel;7/4/1926;German
456;\N;Roy Salvadori;5/12/1922;British
457;\N;Ben Pon;12/9/1936;Dutch
458;\N;Rob Slotemaker;6/13/1929;Dutch
459;\N;Tony Marsh;7/20/1931;British
460;\N;Gerry Ashmore;7/25/1936;British
461;\N;Heinz Schiller;1/25/1930;Swiss
462;\N;Colin Davis;7/29/1933;British
463;\N;Jay Chamberlain;12/29/1925;American
464;\N;Tony Shelly;2/2/1937;New Zealander
465;\N;Keith Greene;1/5/1938;British
466;\N;Heini Walter;7/28/1927;Swiss
467;\N;Ernesto Prinoth;4/15/1923;Italian
468;\N;Roger Penske;2/20/1937;American
469;\N;Rob Schroeder;5/11/1926;British
470;\N;Timmy Mayer;2/22/1938;American
471;\N;Bruce Johnstone;1/30/1937;South African
472;\N;Mike Harris;5/25/1939;South African
473;\N;Gary Hocking;9/30/1937;Rhodesian
474;\N;Syd van der Vyver;6/1/1920;South African
475;\N;Stirling Moss;9/17/1929;British
476;\N;Wolfgang von Trips;5/4/1928;German
477;\N;Cliff Allison;2/8/1932;British
478;\N;Hans Herrmann;2/23/1928;German
479;\N;Tony Brooks;2/25/1932;British
480;\N;Michael May;8/18/1934;Swiss
481;\N;Henry Taylor;12/16/1932;British
482;\N;Olivier Gendebien;1/12/1924;Belgian
483;\N;Giorgio Scarlatti;10/2/1921;Italian
484;\N;Brian Naylor;3/24/1923;British
485;\N;Juan Manuel Bordeu;1/28/1934;Argentine
486;\N;Jack Fairman;3/15/1913;British
487;\N;Massimo Natili;7/28/1935;Italian
488;\N;Peter Monteverdi;6/7/1934;Swiss
489;\N;Renato Pirocchi;3/26/1933;Italian
490;\N;Geoff Duke;3/29/1923;British
491;\N;Alfonso Thiele;4/5/1920;American-Italian
492;\N;Menato Boffa;1/4/1930;Italian
493;\N;Peter Ryan;6/10/1940;Canadian
494;\N;Lloyd Ruby;1/12/1928;American
495;\N;Ken Miles;11/1/1918;British
496;\N;Carlos Menditeguy;8/10/1914;Argentine
497;\N;Alberto Rodriguez Larreta;1/14/1934;Argentine
498;\N;José Froilán González;10/5/1922;Argentine
499;\N;Roberto Bonomi;9/30/1919;Argentine
500;\N;Gino Munaron;4/2/1928;Italian
501;\N;Harry Schell;6/29/1921;American
502;\N;Alan Stacey;8/29/1933;British
503;\N;Ettore Chimeri;6/4/1921;Venezuelan
504;\N;Antonio Creus;10/28/1924;Spanish
505;\N;Chris Bristow;12/2/1937;British
506;\N;Bruce Halford;5/18/1931;British
507;\N;Chuck Daigh;11/29/1923;American
508;\N;Lance Reventlow;2/24/1936;American
509;\N;Jim Rathmann;7/16/1928;American
510;\N;Paul Goldsmith;10/2/1925;American
511;\N;Don Branson;6/2/1920;American
512;\N;Johnny Thomson;4/9/1922;American
513;\N;Eddie Johnson;2/10/1919;American
514;\N;Bob Veith;11/1/1926;American
515;\N;Bud Tingelstad;4/4/1928;American
516;\N;Bob Christie;4/4/1924;American
517;\N;Red Amick;1/19/1929;American
518;\N;Duane Carter;5/5/1913;American
519;\N;Bill Homeier;8/31/1918;American
520;\N;Gene Hartley;1/28/1926;American
521;\N;Chuck Stevenson;10/15/1919;American
522;\N;Bobby Grim;9/4/1924;American
523;\N;Shorty Templeman;8/12/1919;American
524;\N;Jim Hurtubise;12/5/1932;American
525;\N;Jimmy Bryan;1/28/1926;American
526;\N;Troy Ruttman;3/11/1930;American
527;\N;Eddie Sachs;5/28/1927;American
528;\N;Don Freeland;3/25/1925;American
529;\N;Tony Bettenhausen;9/12/1916;American
530;\N;Wayne Weiler;12/9/1934;American
531;\N;Anthony Foyt;1/16/1935;American
532;\N;Eddie Russo;11/19/1925;American
533;\N;Johnny Boyd;8/19/1926;American
534;\N;Gene Force;6/15/1916;American
535;\N;Jim McWithey;7/4/1927;American
536;\N;Len Sutton;8/9/1925;American
537;\N;Dick Rathmann;1/6/1924;American
538;\N;Al Herman;3/15/1927;American
539;\N;Dempsey Wilson;3/11/1927;American
540;\N;Mike Taylor;4/24/1934;British
541;\N;Ron Flockhart;6/16/1923;British
542;\N;David Piper;12/2/1930;British
543;\N;Giulio Cabianca;2/19/1923;Italian
544;\N;Piero Drogo;8/8/1926;Italian
545;\N;Fred Gamble;3/17/1932;American
546;\N;Arthur Owen;3/23/1915;British
547;\N;Horace Gould;9/20/1918;British
548;\N;Bob Drake;12/14/1919;American
549;\N;Ivor Bueb;6/6/1923;British
550;\N;Alain de Changy;2/5/1922;Belgian
551;\N;Maria de Filippis;11/11/1926;Italian
552;\N;Jean Lucienbonnet;1/7/1923;French
553;\N;André Testut;4/13/1926;Monegasque
554;\N;Jean Behra;2/16/1921;French
555;\N;Paul Russo;4/10/1914;American
556;\N;Jimmy Daywalt;8/28/1924;American
557;\N;Chuck Arnold;5/30/1926;American
558;\N;Al Keller;4/11/1920;American
559;\N;Pat Flaherty;1/6/1926;American
560;\N;Bill Cheesbourg;6/12/1927;American
561;\N;Ray Crawford;10/26/1915;American
562;\N;Jack Turner;2/12/1920;American
563;\N;Chuck Weyant;4/3/1923;American
564;\N;Jud Larson;1/21/1923;American
565;\N;Mike Magill;2/8/1920;American
566;\N;Carroll Shelby;1/11/1923;American
567;\N;Fritz d'Orey;3/25/1938;Brazilian
568;\N;Azdrubal Fontes;12/26/1922;Uruguayan
569;\N;Peter Ashdown;10/16/1934;British
570;\N;Bill Moss;9/4/1933;British
571;\N;Dennis Taylor;6/12/1921;British
572;\N;Harry Blanchard;6/13/1929;American
573;\N;Alessandro de Tomaso;7/10/1928;Argentine-Italian
574;\N;George Constantine;2/22/1918;American
575;\N;Bob Said;5/5/1932;American
576;\N;Phil Cade;6/12/1916;American
577;\N;Luigi Musso;7/28/1924;Italian
578;\N;Mike Hawthorn;4/10/1929;British
579;\N;Juan Fangio;6/24/1911;Argentine
580;\N;Paco Godia;3/21/1921;Spanish
581;\N;Peter Collins;11/6/1931;British
582;\N;Ken Kavanagh;12/12/1923;Australian
583;\N;Gerino Gerini;8/10/1928;Italian
584;\N;Bruce Kessler;3/23/1936;American
585;\N;Paul Emery;11/12/1916;British
586;\N;Luigi Piotti;10/27/1913;Italian
587;\N;Bernie Ecclestone;10/28/1930;British
588;\N;Luigi Taramazzo;5/5/1932;Italian
589;\N;Louis Chiron;8/2/1899;Monegasque
590;\N;Stuart Lewis-Evans;4/20/1930;British
591;\N;George Amick;10/24/1924;American
592;\N;Jimmy Reece;11/17/1929;American
593;\N;Johnnie Parsons;7/4/1918;American
594;\N;Johnnie Tolan;10/22/1917;American
595;\N;Billy Garrett;4/24/1933;American
596;\N;Ed Elisian;12/9/1926;American
597;\N;Pat O'Connor;10/9/1928;American
598;\N;Jerry Unser;11/15/1932;American
599;\N;Art Bisch;11/10/1926;American
600;\N;Christian Goethals;8/4/1928;Belgian
601;\N;Dick Gibson;4/16/1918;British
602;\N;Robert La Caze;2/26/1917;French
603;\N;André Guelfi;5/6/1919;French
604;\N;François Picard;4/26/1921;French
605;\N;Tom Bridger;6/24/1934;British
606;\N;Alfonso de Portago;10/11/1928;Spanish
607;\N;Cesare Perdisa;10/21/1932;Italian
608;\N;Eugenio Castellotti;10/10/1930;Italian
609;\N;André Simon;1/5/1920;French
610;\N;Les Leston;12/16/1920;British
611;\N;Sam Hanks;7/13/1914;American
612;\N;Andy Linden;4/5/1922;American
613;\N;Marshall Teague;2/22/1921;American
614;\N;Don Edmunds;9/23/1930;American
615;\N;Fred Agabashian;8/21/1913;American
616;\N;Elmer George;7/15/1928;American
617;\N;Mike MacDowel;9/13/1932;British
618;\N;Herbert MacKay-Fraser;6/23/1927;American
619;\N;Bob Gerard;1/19/1914;British
620;\N;Umberto Maglioli;6/5/1928;Italian
621;\N;Paul England;3/28/1929;Australian
622;\N;Chico Landi;7/14/1907;Brazilian
623;\N;Alberto Uria;7/11/1924;Uruguayan
624;\N;Hernando da Silva Ramos;12/7/1925;Brazilian
625;\N;Élie Bayol;2/28/1914;French
626;\N;Robert Manzon;4/12/1917;French
627;\N;Louis Rosier;11/5/1905;French
628;\N;Bob Sweikert;5/20/1926;American
629;\N;Cliff Griffith;2/6/1916;American
630;\N;Duke Dinsmore;4/10/1913;American
631;\N;Keith Andrews;6/15/1920;American
632;\N;Paul Frère;1/30/1917;Belgian
633;\N;Luigi Villoresi;5/16/1909;Italian
634;\N;Piero Scotti;11/11/1909;Italian
635;\N;Colin Chapman;5/19/1928;British
636;\N;Desmond Titterington;5/1/1928;British
637;\N;Archie Scott Brown;5/13/1927;British
638;\N;Ottorino Volonterio;12/7/1917;Swiss
639;\N;André Milhoux;12/9/1928;Belgian
640;\N;Toulo de Graffenried;5/18/1914;Swiss
641;\N;Piero Taruffi;10/12/1906;Italian
642;\N;Nino Farina;10/30/1906;Italian
643;\N;Roberto Mieres;12/3/1924;Argentine
644;\N;Sergio Mantovani;5/22/1929;Italian
645;\N;Clemar Bucci;9/4/1920;Argentine
646;\N;Jesús Iglesias;2/22/1922;Argentine
647;\N;Alberto Ascari;7/13/1918;Italian
648;\N;Karl Kling;9/16/1910;German
649;\N;Pablo Birger;1/7/1924;Argentine
650;\N;Jacques Pollet;7/2/1922;French
651;\N;Lance Macklin;9/2/1919;British
652;\N;Ted Whiteaway;11/1/1928;British
653;\N;Jimmy Davies;8/8/1929;American
654;\N;Walt Faulkner;2/16/1920;American
655;\N;Cal Niday;4/29/1914;American
656;\N;Art Cross;1/24/1918;American
657;\N;Bill Vukovich;12/13/1918;American
658;\N;Jack McGrath;10/8/1919;American
659;\N;Jerry Hoyt;1/29/1929;American
660;\N;Johnny Claes;8/11/1916;Belgian
661;\N;Peter Walker;10/7/1912;British
662;\N;Mike Sparken;6/16/1930;French
663;\N;Ken Wharton;3/21/1916;British
664;\N;Kenneth McAlpine;9/21/1920;British
665;\N;Leslie Marr;8/14/1922;British
666;\N;Tony Rolt;10/16/1918;British
667;\N;John Fitch;8/4/1917;American
668;\N;Jean Lucas;4/25/1917;French
669;\N;Prince Bira;7/15/1914;Thai
670;\N;Onofre Marimón;12/19/1923;Argentine
671;\N;Roger Loyer;8/5/1907;French
672;\N;Jorge Daponte;6/5/1923;Argentine
673;\N;Mike Nazaruk;10/2/1921;American
674;\N;Larry Crockett;10/23/1926;American
675;\N;Manny Ayulo;10/20/1921;American
676;\N;Frank Armi;10/12/1918;American
677;\N;Travis Webb;10/8/1910;American
678;\N;Len Duncan;7/25/1911;American
679;\N;Ernie McCoy;2/19/1921;American
680;\N;Jacques Swaters;10/30/1926;American
681;\N;Georges Berger;9/14/1918;Belgian
682;\N;Don Beauman;7/26/1928;British
683;\N;Leslie Thorne;6/23/1916;British
684;\N;Bill Whitehouse;4/1/1909;British
685;\N;John Riseley-Prichard;1/17/1924;British
686;\N;Reg Parnell;7/2/1911;British
687;\N;Peter Whitehead;11/12/1914;British
688;\N;Eric Brandon;7/18/1920;British
689;\N;Alan Brown;11/20/1919;British
690;\N;Rodney Nuckey;6/26/1929;British
691;\N;Hermann Lang;4/6/1909;German
692;\N;Theo Helfrich;5/13/1913;German
693;\N;Fred Wacker;7/10/1918;American
694;\N;Giovanni de Riu;3/10/1925;Italian
695;\N;Oscar Gálvez;8/17/1913;Argentine
696;\N;John Barber;7/22/1929;British
697;\N;Felice Bonetto;6/9/1903;Italian
698;\N;Adolfo Cruz;6/28/1923;Argentine
699;\N;Duke Nalon;3/2/1913;American
700;\N;Carl Scarborough;7/3/1914;American
701;\N;Bill Holland;12/18/1907;American
702;\N;Bob Scott;10/4/1928;American
703;\N;Arthur Legat;11/1/1898;Belgian
704;\N;Yves Cabantous;10/8/1904;French
705;\N;Tony Crook;2/16/1920;British
706;\N;Jimmy Stewart;3/6/1931;British
707;\N;Ian Stewart;7/15/1929;British
708;\N;Duncan Hamilton;4/30/1920;British
709;\N;Ernst Klodwig;5/23/1903;East German
710;\N;Rudolf Krause;3/30/1907;East German
711;\N;Oswald Karch;3/6/1917;German
712;\N;Willi Heeks;2/13/1922;German
713;\N;Theo Fitzau;2/10/1923;East German
714;\N;Kurt Adolff;11/5/1921;German
715;\N;Günther Bechem;12/21/1921;German
716;\N;Erwin Bauer;7/17/1912;German
717;\N;Hans von Stuck;12/27/1900;German
718;\N;Ernst Loof;7/4/1907;German
719;\N;Albert Scherrer;2/28/1908;Swiss
720;\N;Max de Terra;10/6/1918;Swiss
721;\N;Peter Hirt;3/30/1910;Swiss
722;\N;Piero Carini;3/6/1921;Italian
723;\N;Rudi Fischer;4/19/1912;Swiss
724;\N;Toni Ulmen;1/25/1906;German
725;\N;George Abecassis;3/21/1913;British
726;\N;George Connor;8/16/1906;American
727;\N;Jim Rigsby;6/6/1923;American
728;\N;Joe James;5/23/1925;American
729;\N;Bill Schindler;3/6/1909;American
730;\N;George Fonder;6/22/1917;American
731;\N;Henry Banks;6/14/1913;American
732;\N;Johnny McDowell;1/29/1915;American
733;\N;Chet Miller;7/19/1902;American
734;\N;Bobby Ball;8/26/1925;American
735;\N;Charles de Tornaco;6/7/1927;Belgian
736;\N;Roger Laurent;2/21/1913;Belgian
737;\N;Robert O'Brien;4/11/1908;American
738;\N;Tony Gaze;2/3/1920;Australian
739;\N;Robin Montgomerie-Charrington;6/23/1915;British
740;\N;Franco Comotti;7/24/1906;Italian
741;\N;Philippe Étancelin;12/28/1896;French
742;\N;Dennis Poore;8/19/1916;British
743;\N;Eric Thompson;11/4/1919;British
744;\N;Ken Downing;12/5/1917;British
745;\N;Graham Whitehead;4/15/1922;British
746;\N;Gino Bianco;7/22/1916;Brazilian
747;\N;David Murray;12/28/1909;British
748;\N;Eitel Cantoni;10/4/1906;Uruguayan
749;\N;Bill Aston;3/29/1900;British
750;\N;Adolf Brudes;10/15/1899;German
751;\N;Fritz Riess;7/11/1922;German
752;\N;Helmut Niedermayr;11/29/1915;German
753;\N;Hans Klenk;10/28/1919;German
754;\N;Marcel Balsa;1/1/1909;French
755;\N;Rudolf Schoeller;4/27/1902;Swiss
756;\N;Paul Pietsch;6/20/1911;German
757;\N;Josef Peters;9/16/1914;German
758;\N;Dries van der Lof;8/23/1919;Dutch
759;\N;Jan Flinterman;10/2/1919;Dutch
760;\N;Piero Dusio;10/13/1899;Italian
761;\N;Alberto Crespo;1/16/1920;Argentine
762;\N;Franco Rol;6/5/1908;Italian
763;\N;Consalvo Sanesi;3/28/1911;Italian
764;\N;Guy Mairesse;8/10/1910;French
765;\N;Henri Louveau;1/25/1910;French
766;\N;Lee Wallard;9/7/1910;American
767;\N;Carl Forberg;3/4/1911;American
768;\N;Mauri Rose;5/26/1906;American
769;\N;Bill Mackey;12/15/1927;American
770;\N;Cecil Green;9/30/1919;American
771;\N;Walt Brown;12/30/1911;American
772;\N;Mack Hellings;9/14/1915;American
773;\N;Pierre Levegh;12/22/1905;French
774;\N;Eugène Chaboud;4/12/1907;French
775;\N;Aldo Gordini;5/20/1921;French
776;\N;Joe Kelly;3/13/1913;Irish
777;\N;Philip Fotheringham-Parker;9/22/1907;British
778;\N;Brian Shawe Taylor;1/28/1915;British
779;\N;John James;5/10/1914;British
780;\N;Toni Branca;9/15/1916;Swiss
781;\N;Ken Richardson;8/21/1911;British
782;\N;Juan Jover;11/23/1903;Spanish
783;\N;Georges Grignard;7/25/1905;French
784;\N;David Hampshire;12/29/1917;British
785;\N;Geoff Crossley;5/11/1921;British
786;\N;Luigi Fagioli;6/9/1898;Italian
787;\N;Cuth Harrison;7/6/1906;British
788;\N;Joe Fry;10/26/1915;British
789;\N;Eugène Martin;3/24/1915;French
790;\N;Leslie Johnson;3/22/1912;British
791;\N;Clemente Biondetti;8/18/1898;Italian
792;\N;Alfredo Pián;10/21/1912;Argentine
793;\N;Raymond Sommer;8/31/1906;French
794;\N;Joie Chitwood;4/14/1912;American
795;\N;Myron Fohr;6/17/1912;American
796;\N;Walt Ader;12/15/1913;American
797;\N;Jackie Holmes;9/4/1920;American
798;\N;Bayliss Levrett;2/14/1914;American
799;\N;Jimmy Jackson;7/25/1910;American
800;\N;Nello Pagani;10/11/1911;Italian
801;\N;Charles Pozzi;8/27/1909;French
802;\N;Dorino Serafini;7/22/1909;Italian
803;\N;Bill Cantrell;1/31/1908;American
804;\N;Johnny Mantz;9/18/1918;American
805;\N;Danny Kladis;2/10/1917;American
806;\N;Óscar González;11/10/1923;Uruguayan
807;HUL;Nico Hülkenberg;8/19/1987;German
808;PET;Vitaly Petrov;9/8/1984;Russian
810;DIG;Lucas di Grassi;8/11/1984;Brazilian
811;SEN;Bruno Senna;10/15/1983;Brazilian
812;CHA;Karun Chandhok;1/19/1984;Indian
813;MAL;Pastor Maldonado;3/9/1985;Venezuelan
814;DIR;Paul di Resta;4/16/1986;British
815;PER;Sergio Pérez;1/26/1990;Mexican
816;DAM;Jérôme d'Ambrosio;12/27/1985;Belgian
817;RIC;Daniel Ricciardo;7/1/1989;Australian
818;VER;Jean-Éric Vergne;4/25/1990;French
819;PIC;Charles Pic;2/15/1990;French
820;CHI;Max Chilton;4/21/1991;British
821;GUT;Esteban Gutiérrez;8/5/1991;Mexican
822;BOT;Valtteri Bottas;8/28/1989;Finnish
823;VDG;Giedo van der Garde;4/25/1985;Dutch
824;BIA;Jules Bianchi;8/3/1989;French
825;MAG;Kevin Magnussen;10/5/1992;Danish
826;KVY;Daniil Kvyat;4/26/1994;Russian
827;LOT;André Lotterer;11/19/1981;German
828;ERI;Marcus Ericsson;9/2/1990;Swedish
829;STE;Will Stevens;6/28/1991;British
830;VER;Max Verstappen;9/30/1997;Dutch
831;NAS;Felipe Nasr;8/21/1992;Brazilian
832;SAI;Carlos Sainz;9/1/1994;Spanish
833;MER;Roberto Merhi;3/22/1991;Spanish
834;RSS;Alexander Rossi;9/25/1991;American
835;PAL;Jolyon Palmer;1/20/1991;British
836;WEH;Pascal Wehrlein;10/18/1994;German
837;HAR;Rio Haryanto;1/22/1993;Indonesian
838;VAN;Stoffel Vandoorne;3/26/1992;Belgian
839;OCO;Esteban Ocon;9/17/1996;French
840;STR;Lance Stroll;10/29/1998;Canadian
841;GIO;Antonio Giovinazzi;12/14/1993;Italian
843;HAR;Brendon Hartley;11/10/1989;New Zealander
844;LEC;Charles Leclerc;10/16/1997;Monegasque
845;SIR;Sergey Sirotkin;8/27/1995;Russian
846;NOR;Lando Norris;11/13/1999;British
847;RUS;George Russell;2/15/1998;British
848;ALB;Alexander Albon;3/23/1996;Thai
849;LAT;Nicholas Latifi;6/29/1995;Canadian
850;FIT;Pietro Fittipaldi;6/25/1996;Brazilian
851;AIT;Jack Aitken;9/23/1995;British
852;TSU;Yuki Tsunoda;5/11/2000;Japanese
853;MAZ;Nikita Mazepin;3/2/1999;Russian
854;MSC;Mick Schumacher;3/22/1999;German
855;ZHO;Guanyu Zhou;5/30/1999;Chinese
856;DEV;Nyck de Vries;2/6/1995;Dutch
857;PIA;Oscar Piastri;4/6/2001;Australian
858;SAR;Logan Sargeant;12/31/2000;American
859;LAW;Liam Lawson;2/11/2002;New Zealander
860;BEA;Oliver Bearman;5/8/2005;British
861;COL;Franco Colapinto;5/27/2003;Argentinian 
862;DOO;Jack Doohan;1/20/2003;Australian